업소명	소재지도로명	소재지지번		업태명	주된음식	행정동명	소재지전화번호
남원추어탕도화점	서울특별시 마포구 새창로2길 13 (도화동)	서울특별시 마포구 도화동  179번지 7호  		한식	돼지갈비	도화동	02 7179021
남원추어탕도화점	서울특별시 마포구 새창로2길 13 (도화동)	서울특별시 마포구 도화동  179번지 7호  		한식	돼지갈비	도화동	02 7179021
남원추어탕도화점	서울특별시 마포구 새창로2길 13 (도화동)	서울특별시 마포구 도화동  179번지 7호  		한식	추어탕	도화동	02 7179021
부함식당	서울특별시 마포구 새창로2길 13 (도화동)	서울특별시 마포구 도화동  179번지 7호  		한식	돼지갈비	도화동	02 7179021
부함식당	서울특별시 마포구 새창로2길 13 (도화동)	서울특별시 마포구 도화동  179번지 7호  		한식	돼지갈비	도화동	02 7179021
부함식당	서울특별시 마포구 새창로2길 13 (도화동)	서울특별시 마포구 도화동  179번지 7호  		한식	추어탕	도화동	02 7179021
남원추어탕도화점	서울특별시 마포구 새창로2길 13 (도화동)	서울특별시 마포구 도화동  179번지 7호  		한식	돼지갈비	도화동	02 7179021
남원추어탕도화점	서울특별시 마포구 새창로2길 13 (도화동)	서울특별시 마포구 도화동  179번지 7호  		한식	돼지갈비	도화동	02 7179021
남원추어탕도화점	서울특별시 마포구 새창로2길 13 (도화동)	서울특별시 마포구 도화동  179번지 7호  		한식	추어탕	도화동	02 7179021
부함식당	서울특별시 마포구 새창로2길 13 (도화동)	서울특별시 마포구 도화동  179번지 7호  		한식	돼지갈비	도화동	02 7179021
부함식당	서울특별시 마포구 새창로2길 13 (도화동)	서울특별시 마포구 도화동  179번지 7호  		한식	돼지갈비	도화동	02 7179021
부함식당	서울특별시 마포구 새창로2길 13 (도화동)	서울특별시 마포구 도화동  179번지 7호  		한식	추어탕	도화동	02 7179021
사랑채	서울특별시 마포구 신촌로12가길 36 (노고산동)	서울특별시 마포구 노고산동  54번지 2호  		한식	우거지갈비탕	대흥동	02 3364479
사랑채	서울특별시 마포구 신촌로12가길 36 (노고산동)	서울특별시 마포구 노고산동  54번지 2호  		한식	한식(갈비탕)	대흥동	02 3364479
메이찬 COOK	서울특별시 마포구 백범로1길 12 (노고산동 12층)	서울특별시 마포구 노고산동  31번지 33호  		중국식	자장면	대흥동	207158550
메이찬 COOK	서울특별시 마포구 백범로1길 12 (노고산동 12층)	서울특별시 마포구 노고산동  31번지 33호  		중국식	짜장면	대흥동	207158550
마포나루김치찌개	서울특별시 마포구 마포대로12길 35 (공덕동지상1층지하1층)	서울특별시 마포구 공덕동  242번지 38호  지상1층지하1층		한식	샤브샤브	공덕동	02 7132693
마포나루김치찌개	서울특별시 마포구 마포대로12길 35 (공덕동지상1층지하1층)	서울특별시 마포구 공덕동  242번지 38호  지상1층지하1층		한식	샤브샤브	공덕동	02 7132693
국보	서울특별시 마포구 마포대로14길 20 지상1층 (공덕동)	서울특별시 마포구 공덕동  118번지  		한식	한식(명태탕)	공덕동	207110088
국보	서울특별시 마포구 마포대로14길 20 지상1층 (공덕동)	서울특별시 마포구 공덕동  118번지  		한식	아구찜	공덕동	207110088
맥태와꼬치다	서울특별시 마포구 마포대로14길 8 (공덕동)	서울특별시 마포구 공덕동  105번지 77호  		한식	돼지왕갈비	공덕동	02 7111800
맥태와꼬치다	서울특별시 마포구 마포대로14길 8 (공덕동)	서울특별시 마포구 공덕동  105번지 77호  		한식		공덕동	02 7111800
남촌집	서울특별시 마포구 토정로35길 12 (용강동)	서울특별시 마포구 용강동  39번지 1호  		한식	주물럭	용강동	02 7159090
남촌집	서울특별시 마포구 토정로35길 12 (용강동)	서울특별시 마포구 용강동  39번지 1호  		한식	주물럭	용강동	02 7159090
신원복집식당	서울특별시 마포구 홍익로 29 2층동 (서교동)	서울특별시 마포구 서교동  354번지 2호 2층 		복어취급	복	서교동	02 3331977
신원복집식당	서울특별시 마포구 홍익로 29 2층동 (서교동)	서울특별시 마포구 서교동  354번지 2호 2층 		복어취급	복	서교동	02 3331977
청기와식당	서울특별시 마포구 월드컵로 105 (망원동1층)	서울특별시 마포구 망원동  484번지 1호  1층		한식	돼지갈비	망원제2동	02 3330166
청기와식당	서울특별시 마포구 월드컵로 105 (망원동1층)	서울특별시 마포구 망원동  484번지 1호  1층		한식	돼지갈비	망원제2동	02 3330166
석양집	서울특별시 마포구 토정로37길 9 (용강동 E동 9호)	서울특별시 마포구 용강동  39번지 1호  		한식	돼지갈비	용강동	02 7166847
석양집	서울특별시 마포구 토정로37길 9 (용강동 E동 9호)	서울특별시 마포구 용강동  39번지 1호  		한식	돼지갈비	용강동	02 7166847
마포원조주물럭집	서울특별시 마포구 토정로 316 (용강동 지상1~2층)	서울특별시 마포구 용강동  51번지 3호  		한식	주물럭	용강동	02 7183001
마포원조주물럭집	서울특별시 마포구 토정로 316 (용강동 지상1~2층)	서울특별시 마포구 용강동  51번지 3호  		한식	주물럭	용강동	02 7183001
나주곰탕&오우돈	서울특별시 마포구 신촌로18길 19 (노고산동 1층)	서울특별시 마포구 노고산동  57번지 34호  		한식	곰탕	대흥동	
양화정	서울특별시 마포구 월드컵로1길 17 1층 (합정동)	서울특별시 마포구 합정동  383번지 26호  		한식	돼지갈비	합정동	02 3235777
양화정	서울특별시 마포구 월드컵로1길 17 1층 (합정동)	서울특별시 마포구 합정동  383번지 26호  		한식	돼지갈비	합정동	02 3235777
신의주찹쌀순대	서울특별시 마포구 큰우물로 66 (용강동)	서울특별시 마포구 용강동  19번지 5호  		한식	순대국	용강동	02  32751780
신의주찹쌀순대	서울특별시 마포구 큰우물로 66 (용강동)	서울특별시 마포구 용강동  19번지 5호  		한식	순대국	용강동	02  32751780
마포나룻터	서울특별시 마포구 마포대로1길 16 (용강동 23층)	서울특별시 마포구 용강동  50번지 16호  		한식	두부전골	용강동	02  715 1255
마포나룻터	서울특별시 마포구 마포대로1길 16 (용강동 23층)	서울특별시 마포구 용강동  50번지 16호  		한식	두부전골	용강동	02  715 1255
김박사손칼국수	서울특별시 마포구 토정로 307 (용강동)	서울특별시 마포구 용강동  43번지 5호  		한식	칼국수	용강동	02 7142245
마포갈비집	서울특별시 마포구 토정로 315 (용강동)	서울특별시 마포구 용강동  40번지 5호  		한식	소갈비	용강동	02 7164393
마포갈비집	서울특별시 마포구 토정로 315 (용강동)	서울특별시 마포구 용강동  40번지 5호  		한식	소갈비	용강동	02 7164393
서교전집	서울특별시 마포구 잔다리로 134 (성산동 1층)	서울특별시 마포구 성산동  242번지 14호  		한식	대구탕	성산제1동	02  31428889
팔색 삼겹살	서울특별시 마포구 백범로 18 지층 (노고산동)	서울특별시 마포구 노고산동  107번지 111호  		한식	삼겹살	대흥동	02 7194848
팔색 삼겹살	서울특별시 마포구 백범로 18 지층 (노고산동)	서울특별시 마포구 노고산동  107번지 111호  		한식	삼겹살	대흥동	02 7194848
마포진짜원조최대포집	서울특별시 마포구 만리재로1길 3 (공덕동)	서울특별시 마포구 공덕동  255번지 5호  		한식	삼겹살돼지갈비갈매기살	공덕동	02 7196358
램랜드	서울특별시 마포구 토정로 255 1층 (용강동)	서울특별시 마포구 용강동  494번지 32호  		한식	양고기	용강동	02 7040223
램랜드	서울특별시 마포구 토정로 255 1층 (용강동)	서울특별시 마포구 용강동  494번지 32호  		한식	양고기	용강동	02 7040223
장가네한우촌	서울특별시 마포구 양화로16길 10 (서교동)	서울특별시 마포구 서교동  371번지 4호  		한식	참치회	서교동	02 3344854
장가네한우촌	서울특별시 마포구 양화로16길 10 (서교동)	서울특별시 마포구 서교동  371번지 4호  		한식	참치회	서교동	02 3344854
장가네한우촌	서울특별시 마포구 양화로16길 10 (서교동)	서울특별시 마포구 서교동  371번지 4호  		한식	소갈비	서교동	02 3344854
장가네한우촌	서울특별시 마포구 양화로16길 10 (서교동)	서울특별시 마포구 서교동  371번지 4호  		한식	소갈비	서교동	02 3344854
장가네한우촌	서울특별시 마포구 양화로16길 10 (서교동)	서울특별시 마포구 서교동  371번지 4호  		한식	소갈비	서교동	02 3344854
장가네한우촌	서울특별시 마포구 양화로16길 10 (서교동)	서울특별시 마포구 서교동  371번지 4호  		한식	소갈비	서교동	02 3344854
용가	서울특별시 마포구 마포대로11길 7-6 (공덕동1~2층 232-16 1층)	서울특별시 마포구 공덕동  232번지 6호  1~2층 232-16 1층		중국식	팔보채전가복	공덕동	02 7021555
지중해참치	서울특별시 마포구 새창로 13 (도화동 2층)	서울특별시 마포구 도화동  25번지 2호  		일식	참치회	도화동	
지중해참치	서울특별시 마포구 새창로 13 (도화동 2층)	서울특별시 마포구 도화동  25번지 2호  		일식	참치회	도화동	
동경일식	서울특별시 마포구 월드컵북로1길 6 1층동 (서교동)	서울특별시 마포구 서교동  351번지 19호 1층 		일식	회정식	서교동	02 3380785
마포활어	서울특별시 마포구 삼개로5길 8 (도화동)	서울특별시 마포구 도화동  205번지 1호  		일식	회정식	도화동	02 7119292
마포활어	서울특별시 마포구 삼개로5길 8 (도화동)	서울특별시 마포구 도화동  205번지 1호  		일식	회정식	도화동	02 7119292
서교가든	서울특별시 마포구 동교로 120 1층동 (서교동)	서울특별시 마포구 서교동  466번지 1호 1층 		한식	등심	서교동	02 3248282
불이아	서울특별시 마포구 동교로 182-6 (동교동 1층)	서울특별시 마포구 동교동  161번지 14호  		중국식	샤브샤브	서교동	02  335 6889
쌍마막회	서울특별시 마포구 토정로 257 (용강동)	서울특별시 마포구 용강동  494번지 36호  		한식	해장국	용강동	02 7141233
쌍마막회	서울특별시 마포구 토정로 257 (용강동)	서울특별시 마포구 용강동  494번지 36호  		한식	해장국	용강동	02 7141233
(주)거구상사(거구장)	서울특별시 마포구 백범로 23 (신수동외 8필지)	서울특별시 마포구 신수동  63번지 14호  외 8필지		한식	갈비.불고기	대흥동	02 7153611
참치가	서울특별시 마포구 양화로 100-10 (서교동2층)	서울특별시 마포구 서교동  372번지 5호  2층		일식	참치회	서교동	203384806
참치가	서울특별시 마포구 양화로 100-10 (서교동2층)	서울특별시 마포구 서교동  372번지 5호  2층		일식	참치회	서교동	203384806
은하반점	서울특별시 마포구 마포대로 63-8 (도화동삼창빌딩 지하 5960호)	서울특별시 마포구 도화동  173번지  삼창빌딩 지하 5960호		중국식	자장면	용강동	02 7012401
은하반점	서울특별시 마포구 마포대로 63-8 (도화동삼창빌딩 지하 5960호)	서울특별시 마포구 도화동  173번지  삼창빌딩 지하 5960호		중국식	자장면	용강동	02 7012401
아름소왕접시해물찜	서울특별시 마포구 토정로37길 21-5 1층동 2층호 (용강동)	서울특별시 마포구 용강동  26번지 1호 1층 -2층		한식	해물찜	용강동	02 7155446
아름소왕접시해물찜	서울특별시 마포구 토정로37길 21-5 1층동 2층호 (용강동)	서울특별시 마포구 용강동  26번지 1호 1층 -2층		한식	해물찜	용강동	02 7155446
쎈다이	서울특별시 마포구 만리재로 15 (공덕동)	서울특별시 마포구 공덕동  256번지 13호  		일식	회정식	아현동	02 7187288
무쇠솥부대찌개	서울특별시 마포구 마포대로8안길 18 (공덕동지상2층)	서울특별시 마포구 공덕동  249번지 50호  지상2층		한식	부대찌개	공덕동	02  32725749
무쇠솥부대찌개	서울특별시 마포구 마포대로8안길 18 (공덕동지상2층)	서울특별시 마포구 공덕동  249번지 50호  지상2층		한식	부대찌개	공덕동	02  32725749
본디안동	서울특별시 마포구 마포대로14가길 18-7 (공덕동)	서울특별시 마포구 공덕동  105번지 137호  		한식	정식	공덕동	232726465
본디안동	서울특별시 마포구 마포대로14가길 18-7 (공덕동)	서울특별시 마포구 공덕동  105번지 137호  		한식	정식	공덕동	232726465
참복집	서울특별시 마포구 만리재로1길 14 (공덕동)	서울특별시 마포구 공덕동  256번지 20호  		일식	복지리	아현동	02 7151198
참복집	서울특별시 마포구 만리재로1길 14 (공덕동)	서울특별시 마포구 공덕동  256번지 20호  		일식	복지리	아현동	02 7151198
돌배기집(마포가든점)	서울특별시 마포구 도화길 29-1 1층 (도화동)	서울특별시 마포구 도화동  179번지 6호  		한식	회	도화동	02711 8295
돌배기집(마포가든점)	서울특별시 마포구 도화길 29-1 1층 (도화동)	서울특별시 마포구 도화동  179번지 6호  		한식	고기	도화동	02711 8295
칠프로(7%)칠백식당	서울특별시 마포구 토정로32길 4 (용강동)	서울특별시 마포구 용강동  122번지 16호  		한식	한우	용강동	02 7112482
거부	서울특별시 마포구 토정로37길 46 지1-동 13호호 (도화동정우빌딩)	서울특별시 마포구 도화동  536번지 0호 지1- 정우빌딩-13호		한식	등심	용강동	02 7179387
거부	서울특별시 마포구 토정로37길 46 지1-동 13호호 (도화동정우빌딩)	서울특별시 마포구 도화동  536번지 0호 지1- 정우빌딩-13호		한식	등심	용강동	02 7179387
원당감자탕	서울특별시 마포구 마포대로8길 9 (공덕동)	서울특별시 마포구 공덕동  249번지 12호  		한식	감자탕	아현동	02 7154520
원당감자탕	서울특별시 마포구 마포대로8길 9 (공덕동)	서울특별시 마포구 공덕동  249번지 12호  		한식	감자탕	아현동	02 7154520
성진설렁탕	서울특별시 마포구 마포대로8길 9 (공덕동)	서울특별시 마포구 공덕동  249번지 12호  		한식	감자탕	아현동	02 7154520
성진설렁탕	서울특별시 마포구 마포대로8길 9 (공덕동)	서울특별시 마포구 공덕동  249번지 12호  		한식	감자탕	아현동	02 7154520
원당감자탕	서울특별시 마포구 마포대로8길 9 (공덕동)	서울특별시 마포구 공덕동  249번지 12호  		한식	감자탕	아현동	02 7154520
원당감자탕	서울특별시 마포구 마포대로8길 9 (공덕동)	서울특별시 마포구 공덕동  249번지 12호  		한식	감자탕	아현동	02 7154520
성진설렁탕	서울특별시 마포구 마포대로8길 9 (공덕동)	서울특별시 마포구 공덕동  249번지 12호  		한식	감자탕	아현동	02 7154520
성진설렁탕	서울특별시 마포구 마포대로8길 9 (공덕동)	서울특별시 마포구 공덕동  249번지 12호  		한식	감자탕	아현동	02 7154520
백년백세	서울특별시 마포구 양화로 118 1층동 (서교동)	서울특별시 마포구 서교동  354번지 12호 1층 		한식	삼계탕	서교동	02 3253399
백년백세	서울특별시 마포구 양화로 118 1층동 (서교동)	서울특별시 마포구 서교동  354번지 12호 1층 		한식	삼계탕	서교동	02 3253399
서대문김치찜마포점	서울특별시 마포구 마포대로14가길 20 (공덕동 1층)	서울특별시 마포구 공덕동  105번지 135호  		한식	한식(한정식)	공덕동	02 7061308
지호한방삼계탕	서울특별시 마포구 마포대로 127 1층동 102호 (공덕동풍림VIP텔)	서울특별시 마포구 공덕동  404번지 0호 1층 풍림VIP텔-102		한식	삼계탕	아현동	02 7153700
황톳길	서울특별시 마포구 마포대로11길 15-7 (공덕동)	서울특별시 마포구 공덕동  270번지 1호  		한식	비빔밥	공덕동	232729240
남성식당	서울특별시 마포구 마포대로19길 28 (아현동1층)	서울특별시 마포구 아현동  613번지 17호  1층		한식	삼겹살	공덕동	02 3624804
미래	서울특별시 마포구 마포대로 144 (공덕동 태영빌딩 지하1층)	서울특별시 마포구 공덕동  252번지 5호  		한식	한정식	공덕동	02 7185292
옹기	서울특별시 마포구 마포대로 144 지하1층 (공덕동 태영빌딩)	서울특별시 마포구 공덕동  252번지 5호  		한식	수제비	공덕동	02 7140116
옹기	서울특별시 마포구 마포대로 144 지하1층 (공덕동 태영빌딩)	서울특별시 마포구 공덕동  252번지 5호  		한식	수제비	공덕동	02 7140116
마포원조주물럭	서울특별시 마포구 토정로 294 (용강동)	서울특별시 마포구 용강동  45번지 1호  		한식	주물럭	용강동	02 7193001
마포원조주물럭	서울특별시 마포구 토정로 294 (용강동)	서울특별시 마포구 용강동  45번지 1호  		한식		용강동	02 7193001
우림집	서울특별시 마포구 토정로37길 13 1층 (용강동)	서울특별시 마포구 용강동  38번지 2호  		한식	한식	용강동	02 7124650
우림집	서울특별시 마포구 토정로37길 13 1층 (용강동)	서울특별시 마포구 용강동  38번지 2호  		한식	한식	용강동	02 7124650
이대조뼈다귀	서울특별시 마포구 동교로 200 (동교동)	서울특별시 마포구 동교동  158번지 26호  		한식		서교동	02 3249797
마산식당	서울특별시 마포구 월드컵로1길 30 (합정동)	서울특별시 마포구 합정동  387번지 23호  		한식	아구찜	합정동	02 3255523
마산식당	서울특별시 마포구 월드컵로1길 30 (합정동)	서울특별시 마포구 합정동  387번지 23호  		한식	아구찜	합정동	02 3255523
동보성	서울특별시 마포구 양화로19길 16 (동교동 1층)	서울특별시 마포구 동교동  154번지 19호  		중국식		서교동	02 3375959
강진수산물직판장	서울특별시 마포구 마포대로 63-8 78-동 87호호 (도화동삼창지하1층)	서울특별시 마포구 도화동  173번지 0호 78- 삼창지하1층-87호		일식	모듬회	용강동	02 7040744
강진수산물직판장	서울특별시 마포구 마포대로 63-8 78-동 87호호 (도화동삼창지하1층)	서울특별시 마포구 도화동  173번지 0호 78- 삼창지하1층-87호		일식	모듬회	용강동	02 7040744
참돌복	서울특별시 마포구 삼개로3길 6 (도화동)	서울특별시 마포구 도화동  204번지 11호  		한식	참이맛감자탕	도화동	703 6800
참돌복	서울특별시 마포구 삼개로3길 6 (도화동)	서울특별시 마포구 도화동  204번지 11호  		한식		도화동	703 6800
동해물우리바다	서울특별시 마포구 신촌로 74 (노고산동)	서울특별시 마포구 노고산동  49번지 25호  		일식	광어	서교동	02 3251211
동해물우리바다	서울특별시 마포구 신촌로 74 (노고산동)	서울특별시 마포구 노고산동  49번지 25호  		일식	회	서교동	02 3251211
춘자대구탕	서울특별시 마포구 월드컵북로1길 50 (서교동)	서울특별시 마포구 서교동  375번지 5호  		한식	대구탕	서교동	231414428
양촌리	서울특별시 마포구 토정로 304 (용강동)	서울특별시 마포구 용강동  50번지 2호  		일식	회	용강동	02 7010455
양촌리	서울특별시 마포구 토정로 304 (용강동)	서울특별시 마포구 용강동  50번지 2호  		일식	회	용강동	02 7010455
나루터	서울특별시 마포구 마포대로4길 32-4 (도화동)	서울특별시 마포구 도화동  59번지 0호  		한식	한정식	도화동	02 7165292
젠	서울특별시 마포구 와우산로17길 19-8 (서교동 1~2층)	서울특별시 마포구 서교동  408번지 3호  		경양식	파스타	서교동	02 3257948
무한장어	서울특별시 마포구 만리재로1길 7 (공덕동)	서울특별시 마포구 공덕동  255번지 23호  		일식	참치정식	공덕동	02 7017399
태능식당	서울특별시 마포구 굴레방로 19-1 (아현동)	서울특별시 마포구 아현동  291번지 5호  		한식	돼지갈비	아현동	02 3651595
태능식당	서울특별시 마포구 굴레방로 19-1 (아현동)	서울특별시 마포구 아현동  291번지 5호  		한식	돼지갈비	아현동	02 3651595
신의주찹쌀순대전문점	서울특별시 마포구 서강로 128 (노고산동)	서울특별시 마포구 노고산동  109번지 154호  		한식	찹쌀순대	대흥동	02  715 1772
신의주찹쌀순대전문점	서울특별시 마포구 서강로 128 (노고산동)	서울특별시 마포구 노고산동  109번지 154호  		한식	찹쌀순대	대흥동	02  715 1772
유대경능이누룽지닭오리백숙	서울특별시 마포구 서강로 128 (노고산동)	서울특별시 마포구 노고산동  109번지 154호  		한식	찹쌀순대	대흥동	02  715 1772
유대경능이누룽지닭오리백숙	서울특별시 마포구 서강로 128 (노고산동)	서울특별시 마포구 노고산동  109번지 154호  		한식	찹쌀순대	대흥동	02  715 1772
신의주찹쌀순대전문점	서울특별시 마포구 서강로 128 (노고산동)	서울특별시 마포구 노고산동  109번지 154호  		한식	찹쌀순대	대흥동	02  715 1772
신의주찹쌀순대전문점	서울특별시 마포구 서강로 128 (노고산동)	서울특별시 마포구 노고산동  109번지 154호  		한식	찹쌀순대	대흥동	02  715 1772
유대경능이누룽지닭오리백숙	서울특별시 마포구 서강로 128 (노고산동)	서울특별시 마포구 노고산동  109번지 154호  		한식	찹쌀순대	대흥동	02  715 1772
유대경능이누룽지닭오리백숙	서울특별시 마포구 서강로 128 (노고산동)	서울특별시 마포구 노고산동  109번지 154호  		한식	찹쌀순대	대흥동	02  715 1772
능이네능이버섯백숙	서울특별시 마포구 마포대로 180-13 (공덕동 1층)	서울특별시 마포구 공덕동  105번지 163호  		한식		공덕동	02 7118163
능이네능이버섯백숙	서울특별시 마포구 마포대로 180-13 (공덕동 1층)	서울특별시 마포구 공덕동  105번지 163호  		한식		공덕동	02 7118163
안동한우마을	서울특별시 마포구 동교로 162 (서교동)	서울특별시 마포구 서교동  351번지 24호  		한식	한우구이	서교동	02 3249139
마포식당	서울특별시 마포구 월드컵로 164 (성산동(1층))	서울특별시 마포구 성산동  279번지 17호  (1층)		한식	삼계탕	성산제1동	02 3382509
마포식당	서울특별시 마포구 월드컵로 164 (성산동(1층))	서울특별시 마포구 성산동  279번지 17호  (1층)		한식	삼계탕	성산제1동	02 3382509
진어참치	서울특별시 마포구 연남로3길 34 (연남동(1층))	서울특별시 마포구 연남동  561번지 8호  (1층)		일식	회	연남동	02 3327412
진어참치	서울특별시 마포구 연남로3길 34 (연남동(1층))	서울특별시 마포구 연남동  561번지 8호  (1층)		일식	회	연남동	02 3327412
목포낙지마을	서울특별시 마포구 월드컵로32길 11 (성산동)	서울특별시 마포구 성산동  278번지 41호  		한식	연포탕 낙지볶음	성산제1동	02 3331032
내고향 풍천장어	서울특별시 마포구 동교로 143 (서교동)	서울특별시 마포구 서교동  461번지 25호  		한식	장어구이	서교동	3222014
청원	서울특별시 마포구 월드컵로 43 (합정동1층)	서울특별시 마포구 합정동  427번지 12호  1층		복어취급	회정식	합정동	02  3233124
청원	서울특별시 마포구 월드컵로 43 (합정동1층)	서울특별시 마포구 합정동  427번지 12호  1층		복어취급		합정동	02  3233124
임가네해물천국	서울특별시 마포구 망원로 49-1 (망원동)	서울특별시 마포구 망원동  421번지 36호  		한식	아구해물탕	망원제1동	02 3385426
본죽(도화점)	서울특별시 마포구 도화길 43 2층 202호 (도화동 나눔빌딩)	서울특별시 마포구 도화동  571번지  나눔빌딩2층202호		분식		도화동	02 7114010
서경도락	서울특별시 마포구 삼개로 21 (도화동 1층)	서울특별시 마포구 도화동  204번지 9호  		한식		도화동	02  707 0763
백리향	서울특별시 마포구 동교로 278 (연남동24)	서울특별시 마포구 연남동  224번지 23호  24		중국식	굴짬뽕	연남동	3368227
백리향	서울특별시 마포구 동교로 278 (연남동24)	서울특별시 마포구 연남동  224번지 23호  24		중국식	굴짬뽕	연남동	3368227
풍산집	서울특별시 마포구 새창로4길 15 지상1층 (도화동)	서울특별시 마포구 도화동  185번지 20호  		한식	구이	도화동	02 7071107
조박집투	서울특별시 마포구 토정로 311 (용강동 1층)	서울특별시 마포구 용강동  43번지 2호  		한식	소갈비	용강동	7184410
조박집투	서울특별시 마포구 토정로 311 (용강동 1층)	서울특별시 마포구 용강동  43번지 2호  		한식	소갈비	용강동	7184410
설참치 홍대점	서울특별시 마포구 양화로15길 12 (서교동 1층)	서울특별시 마포구 서교동  352번지 26호  		중국식	참치회	서교동	231436811
돈수백	서울특별시 마포구 홍익로6길 56 (동교동1층)	서울특별시 마포구 동교동  164번지 24호  1층		한식	돈탕반	서교동	324 3131
참치와활어	서울특별시 마포구 큰우물로 7 (대흥동2층)	서울특별시 마포구 대흥동  339번지  2층		일식	모듬초밥	대흥동	7060846
참치와활어	서울특별시 마포구 큰우물로 7 (대흥동2층)	서울특별시 마포구 대흥동  339번지  2층		일식	모듬초밥	대흥동	7060846
돌쇠풍천민물장어	서울특별시 마포구 월드컵로 87 (망원동 마포로얄프라자 201~203호)	서울특별시 마포구 망원동  377번지 1호  		한식	보쌈	망원제1동	02 3229197
돌쇠풍천민물장어	서울특별시 마포구 월드컵로 87 (망원동 마포로얄프라자 201~203호)	서울특별시 마포구 망원동  377번지 1호  		한식	보쌈	망원제1동	02 3229197
돈까스&덮밥	서울특별시 마포구 마포대로14가길 14 (공덕동)	서울특별시 마포구 공덕동  105번지 182호  		일식	복요리	공덕동	7159013
돈까스&덮밥	서울특별시 마포구 마포대로14가길 14 (공덕동)	서울특별시 마포구 공덕동  105번지 182호  		일식	복요리	공덕동	7159013
정성담은곰탕	서울특별시 마포구 마포대로14가길 14 (공덕동)	서울특별시 마포구 공덕동  105번지 182호  		일식	복요리	공덕동	7159013
정성담은곰탕	서울특별시 마포구 마포대로14가길 14 (공덕동)	서울특별시 마포구 공덕동  105번지 182호  		일식	복요리	공덕동	7159013
공사장네족발공족	서울특별시 마포구 토정로37길 21-1 (용강동 1층)	서울특별시 마포구 용강동  19번지 8호  		한식	해물찜	용강동	7037376
공사장네족발공족	서울특별시 마포구 토정로37길 21-1 (용강동 1층)	서울특별시 마포구 용강동  19번지 8호  		한식	해물찜	용강동	7037376
양산박	서울특별시 마포구 마포대로4길 37 (도화동1층)	서울특별시 마포구 도화동  159번지 1호  1층		한식	콩나물국밥	도화동	02  711 0888
양산박	서울특별시 마포구 마포대로4길 37 (도화동1층)	서울특별시 마포구 도화동  159번지 1호  1층		한식	콩나물국밥	도화동	02  711 0888
돈방석	서울특별시 마포구 신촌로20길 9 가동 (노고산동 삼진빌딩 1층일부)	서울특별시 마포구 노고산동  33번지 19호 가 외7필지 삼진빌딩 1층일부(103호)		한식	흙돼지삼겹	대흥동	7196252
돈방석	서울특별시 마포구 신촌로20길 9 가동 (노고산동 삼진빌딩 1층일부)	서울특별시 마포구 노고산동  33번지 19호 가 외7필지 삼진빌딩 1층일부(103호)		한식	흙돼지삼겹	대흥동	7196252
김앤김대게공덕점	서울특별시 마포구 마포대로 109 (공덕동 롯데캐슬 지하2층 201호)	서울특별시 마포구 공덕동  467번지  		한식	등심구이	공덕동	
김앤김대게공덕점	서울특별시 마포구 마포대로 109 (공덕동 롯데캐슬 지하2층 201호)	서울특별시 마포구 공덕동  467번지  		한식	대게	공덕동	
송백	서울특별시 마포구 마포대로 196 (아현동지하2호 고려아카데미텔)	서울특별시 마포구 아현동  437번지 3호  지하2호 고려아카데미텔		한식	부대찌개	공덕동	
불킹해물요리전문점	서울특별시 마포구 월드컵로 190 (성산동이안상암2차 1층 109호110호)	서울특별시 마포구 성산동  592번지 6호  이안상암2차 1층 109호110호		한식	킹크랩	성산제1동	3087703
불킹해물요리전문점	서울특별시 마포구 월드컵로 190 (성산동이안상암2차 1층 109호110호)	서울특별시 마포구 성산동  592번지 6호  이안상암2차 1층 109호110호		한식	킹크랩	성산제1동	3087703
(주)예울에프씨지즐성산점	서울특별시 마포구 월드컵북로 137 1층 (성산동)	서울특별시 마포구 성산동  56번지 3호  		일식	생선회	성산제2동	02 332 5003
장가네설렁탕	서울특별시 마포구 토정로37길 23 (용강동 1층)	서울특별시 마포구 용강동  19번지 7호  		한식	한식(설렁탕)	용강동	7159797
뚝배기	서울특별시 마포구 토정로37길 23 (용강동 1층)	서울특별시 마포구 용강동  19번지 7호  		한식	한식(설렁탕)	용강동	7159797
장가네설렁탕	서울특별시 마포구 토정로37길 23 (용강동 1층)	서울특별시 마포구 용강동  19번지 7호  		한식	한식(설렁탕)	용강동	7159797
뚝배기	서울특별시 마포구 토정로37길 23 (용강동 1층)	서울특별시 마포구 용강동  19번지 7호  		한식	한식(설렁탕)	용강동	7159797
다락방	서울특별시 마포구 만리재로1길 5 지상1층 (공덕동)	서울특별시 마포구 공덕동  255번지 23호  		한식	돼지갈비	공덕동	02  703 8898
육사육사부대찌개	서울특별시 마포구 월드컵로 190 (성산동 이안상암2차 101호)	서울특별시 마포구 성산동  592번지 6호  이안상암2차101102호		한식	순대	성산제1동	02  304 6464
육사육사부대찌개	서울특별시 마포구 월드컵로 190 (성산동 이안상암2차 101호)	서울특별시 마포구 성산동  592번지 6호  이안상암2차101102호		한식	순대	성산제1동	02  304 6464
명품진설렁탕	서울특별시 마포구 월드컵로 190 (성산동 이안상암2차 101호)	서울특별시 마포구 성산동  592번지 6호  이안상암2차101102호		한식	순대	성산제1동	02  304 6464
명품진설렁탕	서울특별시 마포구 월드컵로 190 (성산동 이안상암2차 101호)	서울특별시 마포구 성산동  592번지 6호  이안상암2차101102호		한식	순대	성산제1동	02  304 6464
찜마을	서울특별시 마포구 토정로 296 (용강동)	서울특별시 마포구 용강동  45번지 5호  1층		한식	순대국밥	용강동	02  706 6464
찜마을	서울특별시 마포구 토정로 296 (용강동)	서울특별시 마포구 용강동  45번지 5호  1층		한식		용강동	02  706 6464
어가	서울특별시 마포구 마포대로 143 (공덕동 지1층 B103 B104 B105호)	서울특별시 마포구 공덕동  462번지  		일식	생선회	공덕동	716 0834
왕경(旺京)	서울특별시 마포구 토정로 275 (용강동1.2층)	서울특별시 마포구 용강동  115번지 24호  1.2층		한식	꽃등심	용강동	02  714 4936
왕경(旺京)	서울특별시 마포구 토정로 275 (용강동1.2층)	서울특별시 마포구 용강동  115번지 24호  1.2층		한식	꽃등심	용강동	02  714 4936
서동한우	서울특별시 마포구 월드컵북로 332 12층 (상암동)	서울특별시 마포구 상암동  34번지 35호  12층		한식	구이	상암동	3020022
양평막국수	서울특별시 마포구 월드컵북로44길 57 (상암동1층)	서울특별시 마포구 상암동  36번지 8호  1층		한식	막국수닭갈비	상암동	3060833
외양간	서울특별시 마포구 성미산로 13 (성산동 1층)	서울특별시 마포구 성산동  250번지 25호  		한식	소갈비	성산제1동	3347942
외양간	서울특별시 마포구 성미산로 13 (성산동 1층)	서울특별시 마포구 성산동  250번지 25호  		한식	소갈비	성산제1동	3347942
상암고기마을	서울특별시 마포구 월드컵북로48길 10 (상암동 1층)	서울특별시 마포구 상암동  34번지 87호  		한식	소등심	상암동	302 9021
홍반장신의주찹쌀순대&감자탕	서울특별시 마포구 월드컵북로 381 (상암동 상암택지개발지구상암월드컵4단지상가 101102103104호)	서울특별시 마포구 상암동  1655번지  상암택지개발지구상암월드컵4단지상가 101102103104호		한식	순대국	상암동	375 6464
캐슬프라하	서울특별시 마포구 독막로7길 59 (서교동 지상 12층)	서울특별시 마포구 서교동  395번지 19호  		경양식	스파게티	서교동	3342121
캐슬프라하	서울특별시 마포구 독막로7길 59 (서교동 지상 12층)	서울특별시 마포구 서교동  395번지 19호  		경양식	파스타	서교동	3342121
캐슬프라하	서울특별시 마포구 독막로7길 59 (서교동 지상 12층)	서울특별시 마포구 서교동  395번지 19호  		경양식	스파게티	서교동	3342121
캐슬프라하	서울특별시 마포구 독막로7길 59 (서교동 지상 12층)	서울특별시 마포구 서교동  395번지 19호  		경양식	파스타	서교동	3342121
향촌	서울특별시 마포구 마포대로8길 25 (공덕동지상1층)	서울특별시 마포구 공덕동  242번지 14호  지상1층		한식	한식(동태탕)	공덕동	7026482
김앤김대게	서울특별시 마포구 양화로 100 (서교동 3층)	서울특별시 마포구 서교동  372번지 1호  		한식	킹크랩	서교동	3336659
김앤김대게	서울특별시 마포구 양화로 100 (서교동 3층)	서울특별시 마포구 서교동  372번지 1호  		한식	킹크랩	서교동	3336659
광남수사	서울특별시 마포구 마포대로8안길 18 (공덕동 지상1층지하1층)	서울특별시 마포구 공덕동  249번지 50호  지상1층지하1층		일식		공덕동	715 5747
춘향골남원추어탕	서울특별시 마포구 월드컵로36길 18 (성산동삼라마이다스109.110.111호)	서울특별시 마포구 성산동  590번지 2호  삼라마이다스109.110.111호		한식	추어탕	성산제1동	02 3027524
춘향골남원추어탕	서울특별시 마포구 월드컵로36길 18 (성산동삼라마이다스109.110.111호)	서울특별시 마포구 성산동  590번지 2호  삼라마이다스109.110.111호		한식	추어탕	성산제1동	02 3027524
모모담	서울특별시 마포구 성산로8길 10 (성산동1층)	서울특별시 마포구 성산동  58번지 7호  1층		한식	삼겹살	성산제1동	02 3228979
냉면&칼국수전문Since1966율촌	서울특별시 마포구 와우산로 100 (서교동지하1층)	서울특별시 마포구 서교동  338번지 18호  지하1층		호프/통닭		서교동	
비틀주스	서울특별시 마포구 와우산로 116 (창전동지층 일부)	서울특별시 마포구 창전동  6번지 177호  지층 일부		기타	참치회	서강동	
비틀주스	서울특별시 마포구 와우산로 116 (창전동지층 일부)	서울특별시 마포구 창전동  6번지 177호  지층 일부		기타	참치회	서강동	
횡성 우리마을	서울특별시 마포구 마포대로 204 (아현동마포SK허브블루 201호 202-12호)	서울특별시 마포구 아현동  737번지  마포SK허브블루 201호 202-12호		한식	양식(안심스테이크)	공덕동	15445274
서울찜닭	서울특별시 마포구 월드컵북로48길 13 1층 (상암동)	서울특별시 마포구 상암동  36번지 9호  		일식	초밥	상암동	
서울찜닭	서울특별시 마포구 월드컵북로48길 13 1층 (상암동)	서울특별시 마포구 상암동  36번지 9호  		일식	찜닭	상암동	
월매네남원추어탕	서울특별시 마포구 마포대로14길 19-1 (공덕동1층)	서울특별시 마포구 공덕동  105번지 229호  1층		한식	추어탕	공덕동	02  704 5333
놀부보쌈&부대찌개상수점	서울특별시 마포구 독막로 101 (상수동 BR엘리텔  A동 1층)	서울특별시 마포구 상수동  141번지 1호  		한식	보쌈	서강동	3325382
놀부보쌈&부대찌개상수점	서울특별시 마포구 독막로 101 (상수동 BR엘리텔  A동 1층)	서울특별시 마포구 상수동  141번지 1호  		한식	보쌈	서강동	3325382
엉터리	서울특별시 마포구 홍익로 25 지상2층 (서교동)	서울특별시 마포구 서교동  356번지 1호  		경양식	중식(샤브샤브)	서교동	02  333 2614
화포식당	서울특별시 마포구 마포대로1길 16 (용강동 1층)	서울특별시 마포구 용강동  50번지 16호  		한식	아구찜	용강동	02  715 0083
마포나루(1호점)	서울특별시 마포구 마포대로 68 (도화동마포아크로타워 지하0102호)	서울특별시 마포구 도화동  563번지 0호  마포아크로타워 지하0102호		한식	닭도리탕	공덕동	02  711 5959
마포나루(1호점)	서울특별시 마포구 마포대로 68 (도화동마포아크로타워 지하0102호)	서울특별시 마포구 도화동  563번지 0호  마포아크로타워 지하0102호		한식	돼지갈비	공덕동	02  711 5959
서리원	서울특별시 마포구 마포대로 173 (공덕동 현대하이엘빌딩B123124125126호)	서울특별시 마포구 공덕동  463번지  		한식	한정식	공덕동	263531447
화수목	서울특별시 마포구 창전로 70 12층 (신수동)	서울특별시 마포구 신수동  103번지 4호  		중국식	중식	신수동	
포몬스 홍대점	서울특별시 마포구 홍익로 25 (서교동1층)	서울특별시 마포구 서교동  356번지 1호  1층		한식	쌀국수	서교동	02  326 2001
놀부부대찌개	서울특별시 마포구 월드컵북로 396 (상암동누리꿈스퀘어 B1034호- B1036호)	서울특별시 마포구 상암동  1605번지  누리꿈스퀘어 B1034호- B1036호		한식	부대찌개	상암동	02  21328787
놀부부대찌개	서울특별시 마포구 월드컵북로 396 (상암동누리꿈스퀘어 B1034호- B1036호)	서울특별시 마포구 상암동  1605번지  누리꿈스퀘어 B1034호- B1036호		한식	부대찌개	상암동	02  21328787
장수갈매기	서울특별시 마포구 도화길 46 (도화동)	서울특별시 마포구 도화동  182번지 11호  1층		한식	갈매기살	도화동	02  716 7766
장수갈매기	서울특별시 마포구 도화길 46 (도화동)	서울특별시 마포구 도화동  182번지 11호  1층		한식	갈매기살	도화동	02  716 7766
목우촌한우명가	서울특별시 마포구 토정로 312-1 (용강동)	서울특별시 마포구 용강동  50번지 15호  		한식	한식(뚝불고기)	용강동	02 7178110
해초섬마포역점	서울특별시 마포구 마포대로 33 (도화동한화오벨리스크 지140)	서울특별시 마포구 도화동  555번지  한화오벨리스크 지140		일식	갈비탕	용강동	02  718 8080
해초섬마포역점	서울특별시 마포구 마포대로 33 (도화동한화오벨리스크 지140)	서울특별시 마포구 도화동  555번지  한화오벨리스크 지140		일식	갈비탕	용강동	02  718 8080
해초성마포본점	서울특별시 마포구 마포대로 33 (도화동한화오벨리스크 지140)	서울특별시 마포구 도화동  555번지  한화오벨리스크 지140		일식	갈비탕	용강동	02  718 8080
해초성마포본점	서울특별시 마포구 마포대로 33 (도화동한화오벨리스크 지140)	서울특별시 마포구 도화동  555번지  한화오벨리스크 지140		일식	갈비탕	용강동	02  718 8080
욕지도	서울특별시 마포구 마포대로16길 13 (아현동 1층)	서울특별시 마포구 아현동  421번지 7호  		일식	막썰이회	아현동	02 3136007
삼보성	서울특별시 마포구 창전로 32 (구수동외1필지 1층)	서울특별시 마포구 구수동  68번지 32호  외1필지 1층		중국식		신수동	
군자네	서울특별시 마포구 대흥로 53 (대흥동1층)	서울특별시 마포구 대흥동  337번지 62호  1층		한식		용강동	02706 5454
하누소	서울특별시 마포구 서강로 65 (창전동1층2층)	서울특별시 마포구 창전동  122번지  1층2층		한식	소등심갈비탕	서강동	322 9283
아비꼬홍대2호점	서울특별시 마포구 홍익로5안길 20 (서교동1층)	서울특별시 마포구 서교동  355번지 34호  1층		한식	회홍합요리	서교동	322 7367
뉴우탕(뉴牛탕)	서울특별시 마포구 월드컵로36길 40 (성산동 1층)	서울특별시 마포구 성산동  174번지 1호  		한식		성산제1동	02 3756906
이찌방	서울특별시 마포구 토정로 296 (용강동 지하1층)	서울특별시 마포구 용강동  45번지 5호  		일식	회정식	용강동	701 1441
엉터리생고기	서울특별시 마포구 토정로 170 (신정동 1층일부 2층일부)	서울특별시 마포구 신정동  2번지 1호  		한식	소한마리	신수동	02  337 5556
우가갈비탕	서울특별시 마포구 월드컵북로 400 지1층 B105호 (상암동 서울산업진흥원)	서울특별시 마포구 상암동  1602번지  서울산업진흥원		한식	황태국	상암동	02  31532336
하나유키	서울특별시 마포구 마포대로 25 (마포동)	서울특별시 마포구 마포동  33번지 1호  		일식	정통일식	용강동	716 0111
내고향만두전골	서울특별시 마포구 양화로18안길 26 2층 (동교동)	서울특별시 마포구 동교동  169번지 1호  		한식	만두전골	서교동	
서룡	서울특별시 마포구 월드컵북로 361 204호 (상암동DMC 이안상암2단지 2층 201202203)	서울특별시 마포구 상암동  1653번지  DMC 이안상암2단지 2층 201202203-204		중국식	짜장면 짬뽕	상암동	
마포우사미	서울특별시 마포구 마포대로14가길 4 (공덕동1층)	서울특별시 마포구 공덕동  105번지 236호  1층		한식	소고기보신탕	공덕동	704 8007
동원참치	서울특별시 마포구 마포대로 109 (공덕동지2층롯데캐슬B204호)	서울특별시 마포구 공덕동  467번지  지2층롯데캐슬B204호		일식	참치회	공덕동	
토궁	서울특별시 마포구 백범로 172 (공덕동)	서울특별시 마포구 공덕동  445번지 2호  		한식	오리구이	아현동	232723340
하노이의 아침	서울특별시 마포구 월드컵북로 396 (상암동누리꿈스퀘어 2층 R204호)	서울특별시 마포구 상암동  1605번지  누리꿈스퀘어 2층 R204호		한식	쌀국수	상암동	02 3638839
매반생면	서울특별시 마포구 월드컵북로 396 (상암동누리굼스퀘어 B10791080호)	서울특별시 마포구 상암동  1605번지  누리굼스퀘어 B10791080호		한식	생면 덮밥	상암동	
서강8경율도	서울특별시 마포구 토정로 128 6층 (상수동)	서울특별시 마포구 상수동  356번지 6호  		일식		서강동	02   3340070
금이네부대찌개	서울특별시 마포구 마포대로12길 53-1 (공덕동)	서울특별시 마포구 공덕동  242번지 54호  		한식	부대찌개	공덕동	
끼로끼로부엉이	서울특별시 마포구 서강로 119 (노고산동 1층 일부)	서울특별시 마포구 노고산동  56번지 90호  		한식	돼지갈비 소갈비	대흥동	
서촌국시	서울특별시 마포구 월드컵북로48길 49 (상암동)	서울특별시 마포구 상암동  2번지 94호  		한식	홍어삼합	상암동	
백미향	서울특별시 마포구 성지길 27 (합정동1층)	서울특별시 마포구 합정동  371번지 5호  1층		중국식		합정동	02   3128253
육회도	서울특별시 마포구 양화로6길 53 (서교동1층)	서울특별시 마포구 서교동  396번지 35호  1층		한식	삼겹살	서교동	02  31414007
청춘구락부	서울특별시 마포구 토정로 308 1 2층 (용강동)	서울특별시 마포구 용강동  50번지 3호  		한식	소등심	용강동	02  702 1399
하오밍	서울특별시 마포구 마포대로16가길 5 (아현동 지상1층)	서울특별시 마포구 아현동  422번지 6호  		중국식	자장면	아현동	02   3125933
선굼터	서울특별시 마포구 월드컵로 196 (성산동 대명비첸시티 202호)	서울특별시 마포구 성산동  591번지 4호  		한식	된장쌈밥.된장찌개	성산제2동	02  31525673
선굼터	서울특별시 마포구 월드컵로 196 (성산동 대명비첸시티 202호)	서울특별시 마포구 성산동  591번지 4호  		한식	된장쌈밥.된장찌개	성산제2동	02  31525673
나무네요프롤아트커피	서울특별시 마포구 동교로 142-11 1층 (서교동 플러스빌딩)	서울특별시 마포구 서교동  463번지 31호  플러스빌딩 1층		까페		서교동	
영주김밥	서울특별시 마포구 월드컵북로54길 17 (상암동 사보이시티디엠씨 지1층 B127호)	서울특별시 마포구 상암동  1597번지  사보이시티디엠씨 지1층 B127호		한식	백반	상암동	
영주김밥	서울특별시 마포구 월드컵북로54길 17 (상암동 사보이시티디엠씨 지1층 B127호)	서울특별시 마포구 상암동  1597번지  사보이시티디엠씨 지1층 B127호		한식	백반	상암동	
영주김밥	서울특별시 마포구 월드컵북로54길 17 사보이시티디엠씨 지상1층 120호 (상암동)	서울특별시 마포구 상암동  1597번지  사보이시티디엠씨		한식	백반	상암동	
영주김밥	서울특별시 마포구 월드컵북로54길 17 사보이시티디엠씨 지상1층 120호 (상암동)	서울특별시 마포구 상암동  1597번지  사보이시티디엠씨		한식	백반	상암동	
봉피양 마포	서울특별시 마포구 토정로 308 (용강동)	서울특별시 마포구 용강동  50번지 3호  		한식	한우	용강동	02  715 2295
신촌홍어집	서울특별시 마포구 매봉산로2길 19-6 (상암동 1층)	서울특별시 마포구 상암동  2번지 51호  		한식	홍어삼합	상암동	
송담추어탕	서울특별시 마포구 동교로 237 (연남동 1층)	서울특별시 마포구 연남동  259번지 2호  		한식	추어탕	연남동	
한촌설렁탕망원역점	서울특별시 마포구 월드컵로 85 2층 (망원동)	서울특별시 마포구 망원동  377번지 2호  2층		한식	설렁탕	망원제1동	
토성	서울특별시 마포구 매봉산로2길 20 (상암동 1층 일부)	서울특별시 마포구 상암동  6번지 1호  		한식	소등심	상암동	
우한판	서울특별시 마포구 매봉산로2길 20 (상암동 1층 일부)	서울특별시 마포구 상암동  6번지 1호  		한식	소등심	상암동	
토성	서울특별시 마포구 매봉산로2길 20 (상암동 1층 일부)	서울특별시 마포구 상암동  6번지 1호  		한식	소등심	상암동	
우한판	서울특별시 마포구 매봉산로2길 20 (상암동 1층 일부)	서울특별시 마포구 상암동  6번지 1호  		한식	소등심	상암동	
원할머니보쌈마포공덕점	서울특별시 마포구 마포대로 173 (공덕동 마포현대하이엘 1층 118119호)	서울특별시 마포구 공덕동  463번지  		한식	보쌈정식	공덕동	
합정메세나점 남다른감자탕	서울특별시 마포구 양화로 45 (서교동 메세나폴리스 B1층 1116~1117호)	서울특별시 마포구 서교동  490번지  		한식	부대찌개	서교동	
용산역전회관일구육이	서울특별시 마포구 토정로37길 47 지하1~지상4층 (염리동)	서울특별시 마포구 염리동  173번지 21호  		한식	바싹불고기	용강동	02 7030019
(주)도쿄야끼	서울특별시 마포구 독막로3길 18 (서교동 1~2층)	서울특별시 마포구 서교동  396번지 31호  		일식	소등심	서교동	
(주)해담가합정점	서울특별시 마포구 양화로 45 (서교동 1층 101호)	서울특별시 마포구 서교동  490번지  		한식	숯불고기	서교동	02  326 5544
(주)해담가합정점	서울특별시 마포구 양화로 45 (서교동 1층 101호)	서울특별시 마포구 서교동  490번지  		한식	숯불고기	서교동	02  326 5544
홍반장찹쌀순대&감자탕전문점	서울특별시 마포구 동교로 233 (연남동 지상 1층)	서울특별시 마포구 연남동  259번지 4호  지상 1층		한식	불고기	연남동	02 335 1158
색동저고리마포점	서울특별시 마포구 도화길 27 (도화동 2층)	서울특별시 마포구 도화동  179번지 3호  		한식	한정식	도화동	
샤오훼이양샤브샤브	서울특별시 마포구 홍익로 25 지상5층 (서교동 서교호텔별관)	서울특별시 마포구 서교동  356번지 1호  		중국식	샤브샤브	서교동	02  3363133
수타면남강	서울특별시 마포구 매봉산로2안길 22 (상암동 1층)	서울특별시 마포구 상암동  12번지 20호  		중국식	짜장면	상암동	
홍대면빨1988	서울특별시 마포구 연남로 10 1층 (연남동)	서울특별시 마포구 연남동  373번지 9호  		한식	칼국수	연남동	
구자춘참치	서울특별시 마포구 토정로32길 16 (토정동 1층 일부)	서울특별시 마포구 토정동  3번지 30호  		한식	초밥	용강동	
청대문집	서울특별시 마포구 백범로1길 101 1층 (노고산동)	서울특별시 마포구 노고산동  1번지 6호  		한식	설렁탕	대흥동	
채움한정식	서울특별시 마포구 백범로 205 (신공덕동 펜트라우스 101동 지하2층 B230호)	서울특별시 마포구 신공덕동  172번지  		한식	한정식	공덕동	
맹씨네	서울특별시 마포구 신촌로12다길 29 (노고산동 수빌딩 1층 101호)	서울특별시 마포구 노고산동  54번지 96호  		한식	구이	대흥동	
이조명가	서울특별시 마포구 마포대로4나길 56 1층 (마포동)	서울특별시 마포구 마포동  300번지  1층		한식	삼겹주물럭	도화동	
와겐하우스	서울특별시 마포구 성암로13길 17 12층 (상암동)	서울특별시 마포구 상암동  1262번지  		일식	참치	상암동	
천년각	서울특별시 마포구 월드컵로 164 2층 (성산동)	서울특별시 마포구 성산동  279번지 17호  2층		중국식	짬뽕 짜장 탕수육	성산제1동	
천장어	서울특별시 마포구 백범로 122 1층 (염리동)	서울특별시 마포구 염리동  155번지 12호  		한식	장어구이	염리동	
쭈꾸미일당백	서울특별시 마포구 월드컵로34길 13 (성산동 상암월드시티 201호 202호)	서울특별시 마포구 성산동  590번지 5호  상암월드시티 201호 202호		한식	쭈꾸미볶음	성산제1동	02  303 9883
쭈꾸미일당백	서울특별시 마포구 월드컵로34길 13 (성산동 상암월드시티 201호 202호)	서울특별시 마포구 성산동  590번지 5호  상암월드시티 201호 202호		한식	쭈꾸미볶음	성산제1동	02  303 9883
시골보쌈앤감자옹심이	서울특별시 마포구 월드컵북로 400 지층 01호 (상암동 서울산업진흥원)	서울특별시 마포구 상암동  1602번지  서울산업진흥원 지층-01		한식	구이	상암동	
월드아구찜	서울특별시 마포구 월드컵로34길 13 203-1203-2호 (성산동 상암월드시티)	서울특별시 마포구 성산동  590번지 5호  상암월드시티-203-1		한식	아구찜 탕	성산제2동	02 22992409
신흥부전	서울특별시 마포구 월드컵북로44길 30-5 (상암동)	서울특별시 마포구 상암동  18번지 10호  		한식		상암동	
신선설농탕홍대점	서울특별시 마포구 양화로 140 (동교동 1층일부)	서울특별시 마포구 동교동  162번지 4호  1층일부		한식	설농탕	서교동	
메이탄	서울특별시 마포구 마포대로24길 4 2층 203204호 (아현동 공덕자이아파트)	서울특별시 마포구 아현동  801번지  공덕자아아파트 2층 203호204호		중국식		아현동	
대도식당	서울특별시 마포구 마포대로 19 지1층 14호 (마포동 신화빌딩)	서울특별시 마포구 마포동  34번지 1호  신화빌딩 지1층-14		한식		도화동	02 7149772
진가	서울특별시 마포구 동교로34길 12 1층 (연남동)	서울특별시 마포구 연남동  260번지 41호  1층		중국식	짜장면	연남동	
쉐프의부대찌개(망원역점)	서울특별시 마포구 동교로9길 48 (망원동 1층)	서울특별시 마포구 망원동  377번지 5호  		한식		망원제1동	
지호한방삼계탕	서울특별시 마포구 독막로 229 2층 (신수동)	서울특별시 마포구 신수동  46번지 1호  2층		한식		신수동	
라오찌에연남점	서울특별시 마포구 동교로 265 1층 (연남동)	서울특별시 마포구 연남동  229번지 10호  1층		중국식		연남동	
샤브향(마포광흥창역점)	서울특별시 마포구 토정로 193 (구수동 2층일부)	서울특별시 마포구 구수동  60번지  2층일부		한식		신수동	
샤브향(마포광흥창역점)	서울특별시 마포구 토정로 193 (구수동 2층일부)	서울특별시 마포구 구수동  60번지  2층일부		한식		신수동	
진평925	서울특별시 마포구 망원로 87 2층 (망원동)	서울특별시 마포구 망원동  483번지 2호  2층		한식		망원제1동	
바다양푼이찌개마을	서울특별시 마포구 월드컵북로54길 17 B114호 (상암동 사보이시티디엠씨)	서울특별시 마포구 상암동  1597번지  사보이시티디엠씨-B114		한식	동태찌개	상암동	
달콤우동	서울특별시 마포구 월드컵북로54길 17 (상암동 사보이시티디엠씨 지1층B113호)	서울특별시 마포구 상암동  1597번지  사보이시티디엠씨 지1층B113호		일식	우동	상암동	
정성한줄	서울특별시 마포구 마포대로 195 상가4동 108호 (아현동 마포 래미안 푸르지오)	서울특별시 마포구 아현동  774번지  마포 래미안 푸르지오		분식	분식	아현동	
이화수전통육개장공덕점	서울특별시 마포구 마포대로12길 28 (공덕동 1층일부)	서울특별시 마포구 공덕동  242번지 36호  		한식	육개장	공덕동	
